id_animal,type_balise,num_argos,num_ref,ref_smru,duree_enregistrement,duree_pourcentage
2003-1,CTD,17216,9117,ke_17216_02,,
2003-2,CTD,2845,9071,ke_2845_02,,
2003-3,CTD,2848,9072,ke_2848_02,,
2004-1,CTD,17217,9118,ct3_9118_04,,
2004-10,CTD,26706,9938,ct3_9938_04,,
2004-2,CTD,2967,9926,ct3_9926_04,,
2004-3,CTD,2969,9927,ct3_9927_04,,
2004-4,CTD,2970,9928,ct3_9928_04,,
2004-5,CTD,3853,9929,ct3_9929_04,,
2004-6,CTD,7077,9931,ct3_9931_04,,
2004-7,CTD,14674,9932,ct3_9932_04,,
2004-8,CTD,14675,9934,ct3_9934_04,,
2004-9,CTD,14676,9935,ct3_9935_04,,
2005-1,CTD,26445,10027,ct7-10027-05,,
2005-10,CTD,26464,10024,ct7-10024-05,,
2005-11,CTD,26502,10037,ct7-10037-05,,
2005-12,CTD,26505,10039,ct7-10039-05,,
2005-13,CTD,26470,10026,ct7-10026-05,,
2005-14,CTD,26491,10036,ct7-10036-05,,
2005-2,CTD,26446,10028,ct7-10028-05,,
2005-3,CTD,26447,10029,ct7-10029-05,,
2005-4,CTD,26448,10030,ct7-10030-05,,
2005-5,CTD,26454,10031,ct7-10031-05,,
2005-6,CTD,26455,10032,ct7-10032-05,,
2005-7,CTD,26471,10033,ct7-10033-05,,
2005-8,CTD,26485,10034,ct7-10034-05,,
2005-9,CTD,26457,10035,ct7-10035-05,,
2006-1,CTD,43833,10064,ct11_10064_05,,
2006-10,CTD,64321,10240,ct16-240-06,,
2006-11,CTD,64322,10241,ct16-241-06,,
2006-12,CTD,64323,10238,ct16-238-06,,
2006-13,CTD,64324,10242,ct16-10242-06,,
2006-14,CTD,,10243,ct16-10243-06,,
2006-15,CTD,,10244,ct16-10244-06,,
2006-16,CTD,,10245,ct16-10245-06,,
2006-17,CTD,,10173,ct16-10173-06,,
2006-2,CTD,43834,10073,ct11_10073_05,,
2006-3,CTD,43835,10094,ct11_10094_05,,
2006-4,CTD,43836,10095,ct11_10095_05,,
2006-5,CTD,43837,10096,ct11_10096_05,,
2006-6,CTD,43838,10097,ct11_10097_05,,
2006-7,CTD,64318,10174,ct16-174-06,,
2006-8,CTD,64319,10237,ct16-237-06,,
2006-9,CTD,64320,10317,ct16-317-06,,
2006_M01,GPS/GSM,,10 350,gp3-GSM875-06,,
2006_M02,GPS/GSM,,10 334,gp3-GSM102-06,,
2006_M03,GPS/GSM,,10 396,gp3-GSM151-06,,
2006_M04,GPS/GSM,,10 397,gp3-GSM156-06,,
2006_M05,GPS/GSM,,10 329,gp3-GSM109-06,,
2007-1,CTD,72530,10589,ct26-C13-07,,
2007-10,CTD,72520,10526,ct23-C06-06,,
2007-11,CTD,72521,10527,ct23-C07-06,,
2007-12,CTD,72522,10528,ct23-C08-06,,
2007-13,CTD,72523,10529,ct23-C09-06,,
2007-14,CTD,72524,10535,ct23-C10-06,,
2007-15,CTD,72525,10536,ct23-C11-06,,
2007-16,CTD,72526,10537,ct23-C12-06,,
2007-2,CTD,72531,10614,ct26-C14-07,,
2007-3,CTD,72532,10601,ct26-C15-07,,
2007-4,CTD,72533,10602,ct26-C16-07,,
2007-5,CTD,72515,10516,ct23-C01-06,,
2007-6,CTD,72516,10517,ct23-C02-06,,
2007-7,CTD,72517,10518,ct23-C03-06,,
2007-8,CTD,72518,10519,ct23-C04-06,,
2007-9,CTD,72519,10525,ct23-C05-06,,
2007_M06,GPS/GSM,,10 817,gp11-MSM06-07,,
2007_M07,GPS/GSM,,10 805,gp11-MSM07-07,,
2007_M08,GPS/GSM,,10 845,gp11-MSM08-07,,
2007_V01,GPS/GSM,,10 806,gp11-V01-07,,
2007_V02,GPS/GSM,,10 815,gp11-V02-08,,
2007_V03,GPS/GSM,,10 818,gp11-V03-09,,
2007_V04,GPS/GSM,,10 808,gp11-V04-10,,
2007_V05,GPS/GSM,,10 803,gp11-V05-11,,
2007_V06,GPS/GSM,,10 816,gp11-V09-11,,
2007_V07,GPS/GSM,,10 814,gp11-V10-11,,
2008-1,CTD,79684,10830,ct38e-30-08,,
2008-2,CTD fluo,48927,10863,ft01-Fluoro1-07,,
2008-3,CTD,79682,10829,ct38e-29-08,,
2008-4,CTD,79678,10809,ct38e-09-08,,
2008-5,CTD,79683,10826,ct38e-26-08,,
2008-6,CTD,79679,10811,ct38e-11-08,,
2008-7,CTD fluo,38578,10855,ft01-Fluoro2-07,,
2008-8,Mk10-fast-loc,86372,09A0568,,80.22,100
2008_S01,GPS/GSM,,11 008,gp15s-S35-08,,
2008_S02,GPS/GSM,,11 023,gp15s-S37-08,,
2008_S03,GPS/GSM,,11 027,gp15s-S39-08,,
2008_S04,GPS/GSM,,11 016,gp15s-S36-08,,
2008_S05,GPS/GSM,,10 999,gp15s-S32-08,,
2008_S06,GPS/GSM,,10 937,gp15s-S30-08,,
2008_S07,GPS/GSM,,10 997,gp15s-S31-08,,
2008_S08,GPS/GSM,,11 004,gp15s-S34-08,,
2008_S09,GPS/GSM,,11 024,gp15s-S38-08,,
2008_S10,GPS/GSM,,11 000,gp15s-S33-08,,
2008_V08,GPS/GSM,,10 998,gp15v-V22-08,,
2008_V09,GPS/GSM,,10 958,gp15v-V21-08,,
2008_V10,GPS/GSM,,11 011,gp15v-V23-08,,
2008_V11,GPS/GSM,,11 013,gp15v-V24-08,,
2008_V12,GPS/GSM,,10 949,gp15v-V20-08,,
2009-1,CTD fluo Cyclops,86364,11263,ft03-Cy1-09,,
2009-1,Mk9,,890330,,81.74,100
2009-10,Mk10-fast-loc,86372,09A0568,,81.53,100
2009-11,Mk10-fast-loc,86373,08A0021,,99.18,100
2009-12,CTD fluo,86365,11042,ft02-G-09,,
2009-13,CTD,86370,10882,ct23x-exF-08,,
2009-14,CTD,77143,10680,ct36-R2-09,,
2009-15,CTD,77142,10776,ct36-R1-09,,
2009-16,CTD fluo,86361,11044,ft02-C-09,,
2009-17,CTD fluo,86368,11039,ft02-J-09,,
2009-18,CTD fluo,86367,11034,ft02-I-09,,
2009-19,CTD,77144,10743,ct36-R3-09,,
2009-2,Mk9,,890328,,72.97,100
2009-2,CTD fluo Cyclops,,,,,
,86366,11038,ft03-Cy11038-09,,,
2009-20,CTD,77137,10738,ct36-B-09,,
2009-21,CTD fluo,86359,10946,ft02-A-09,,
2009-22,CTD fluo,86364,11040,ft02-F-09,,
2009-23,CTD,72525,10536,ct23x-536-08,,
2009-24,CTD,72523,10529,ct23x-529-08,,
2009-25,CTD fluo,86362,11035,ft02-H-09,,
2009-26,CTD fluo,86363,11033,ft02-E-09,,
2009-27,CTD,77145,10744,ct36-R4-09,,
2009-28,CTD,72520,10602,ct23x-602-08,,
2009-29,CTD,72530,10589,ct23x-589-08,,
2009-3,Mk9,,890327,,81.34,100
2009-3,CTD fluo Cyclops,79683,11260,ft03-Cy4-09,,
2009-30,CTD,72526,10537,ct23x-537-08,,
2009-31,CTD,77140,10742,ct36-E-09,,
2009-32,CTD,77139,10741,ct36-D-09,,
2009-33,CTD,77141,10745,ct36-F-09,,
2009-34,CTD,77138,10739,ct36-C-09,,
2009-35,CTD,77136,10737,ct36-A-09,,
2009-36,CTD fluo Micromodule,86369,11213,ft03-MM11213-09,,
2009-4,Mk9,,890197,,77.24,100
2009-4,CTD fluo Cyclops,79682,11259,ft03-Cy5-09,,
2009-5,Mk10-fast-loc,,,,,
,86374,08A0023,,96.04,100,
2009-6,Mk10-fast-loc,,,,,
,78524,07A0774,,100.89,100,
2009-7,CTD fluo Micromodule,79678,11254,ft03-Cy3-09,,
2009-8,Mk9,,890326,,87.92,100
2009-8,CTD fluo Cyclops,86367,11262,ft03-Cy2-09,,
2009-9,Mk10-fast-loc,78525,09A0567,,76.05,100
2010-1,CTD fluo Cyclops,49769,11403,ft04-Cy06-10,,
2010-10,Mk9,,890330,,,
2010-10,CTD fluo Cyclops,73001,11260,ft06-Cy17-10,,
2010-11,Mk9,,990452,,70.05,100
2010-11,CTD fluo Cyclops,73052,11262,ft06-Cy18-10,,
2010-12,CTD fluo Cyclops,73053,11259,ft06-Cy19-10,,
2010-12,Mk9,,890328,,,
2010-13,CTD fluo Cyclops,73054,10946,ft06-Cy20-10,,
2010-13,Mk9,,990448,,,
2010-14,CTD fluo Micromodule,72997,11254,ft06-Mm13-10,,
2010-14,Mk9,,990451,,,
2010-15,Mk10-fast-loc,86374,08A0023,,104.69,100
2010-15,Mk10 accelero,,10A5000,,,
2010-15,Mk9,,990455,,,
2010-15,CTD Aanderaa,73230,11533,ft06-Ox01-10,,
2010-16,CTD,49777,10614,ct62-01-10,,
2010-17,CTD,49778,10744,ct62-02-10,,
2010-18,Mk10 accelero,,10A0302,,60.47,100
2010-18,Mk10-fast-loc,78524,07A0774,,60.47,100
2010-18,Mk10 velocity,,07A0687,,,
2010-19,Mk10-fast-loc,78525,10A0712,,80.75,100
2010-19,Mk10 velocity,,07A0688,,,
2010-19,Mk10 accelero,,10A0303,,80.75,100
2010-2,CTD fluo Cyclops,49771,11404,ft04-Cy07-10,,
2010-20,Mk10-fast-loc,86372,09A0568,,94.89,100
2010-20,Mk10 accelero,,10A0304,,0,0
2010-20,Mk10 velocity,,07A0689,,,
2010-21,Mk10 accelero,,10A5015,,73.37,100
2010-21,Mk10-fast-loc,86373,08A0021,,73.37,100
2010-21,DDT,,09A0581,,73.37,100
2010-3,CTD fluo Cyclops,49772,11261,ft04-Cy08-10,,
2010-4,CTD fluo Cyclops,49773,11432,ft04-Cy09-10,,
2010-5,CTD fluo Cyclops,49774,11044,ft04-Cy10-10,,
2010-6,CTD fluo Cyclops,49775,11042,ft04-Cy11-10,,
2010-7,CTD fluo Cyclops,72968,11263,ft06-Cy12-10,,
2010-7,Mk9,,990458,,77.4,100
2010-8,CTD fluo Cyclops,72998,11038,ft06-Cy14-10,,
2010-8,Mk9,,990457,,83.58,100
2010-9,Mk9,,990454,,66.48,100
2010-9,CTD fluo Cyclops,73000,11035,ft06-Cy16-10,,
2010_B17,GPS/GSM,,11 591,hg28-B17-10,,
2010_B18,GPS/GSM,,11 421,hg28-B18-10,,
2010_B19,GPS/GSM,,11 592,hg28-B19-10,,
2010_B20,GPS/GSM,,11 176,hg28-B20-10,,
2011-1,CTD fluo Cyclops,103724,11630,ft07-Cy21-11,,
2011-10,CTD fluo Cyclops,73080,11550,ft07-Cy30-11,,
2011-11,CTD Aanderaa,103732,11853,ft07-Ox2-11,,
2011-12,CTD fluo,73054,10946,ft10-Cy20-11,,
2011-12,Mk9,,1190113,,0,0
2011-13,Mk9,,1190112,,87.37,100
2011-13,CTD fluo,109805,12078,ft10-Cy35-11,,
2011-14,CTD oxy,109800,12117,ft10-Ox05-11,95.86,100
2011-14,Mk10 accelero,,11A5008,,10.57,11.02
2011-15,Mk9,,1190107,,75.89,100
2011-15,CTD,72968,11263,ct82-263-11,,
2011-16,Mk10-fast-loc,109807,11A0537,ct82-WC11A0537-11,87.18,100
2011-16,Mk10 accelero,,11A5010,,10.78,12.36
2011-16,Acousonde,,A031,,,
2011-17,CTD oxy,109799,12116,ft10-Ox04-11,96.19,100
2011-17,Mk10 accelero,,11A5009,,10.77,11.2
2011-18,Mk10-fast-loc,109808,11A0538,ct82-WC11A0538-11,66.9,100
2011-18,Mk10 accelero,,11A5005,,12.24,18.29
2011-18,Acousonde,,A032,,,
2011-19,Mk10 velocity,,07A0687,,,
2011-19,Mk9 2 lambda,,490158,,19.2,17.12
2011-19,CTD fluo,109804,12076,ft10-Cy34-11,112.12,100
2011-2,CTD fluo Cyclops,103725,11628,ft07-Cy22-11,,
2011-20,CTD oxy,103732,11853,ft10-Ox02-11,,
2011-20,Mk10 accelero,,11A5004,,0,0
2011-21,Mk10 accelero,,11A5003,,,
2011-21,Mk10-fast-loc,78525,10A0712,ct82-WC10A0712-11,93.48,100
2011-21,Mk10 accelero dos,,10A5017,,53.12,56.82
2011-22,CTD oxy,109798,12119,ft10-Ox03-11,87.6,100
2011-22,Mk10 accelero,,11A5006,,0.35,0.4
2011-23,CTD fluo,109801,12079,ft10-Cy31-11,,
2011-23,Mk10 velocity,,07A0689,,0,0
2011-23,Mk9 2 lambda,,490858,,0,0
2011-24,CTD,109797,11924,ct82-924-11,,
2011-24,Mk10 velocity,,07A0668,,0,0
2011-24,Mk9,,1190109,,0,0
2011-25,Mk10 accelero dos,,15A5000,,0,0
2011-25,CTD fluo,109803,12075,ft10-Cy33-11,,
2011-25,Mk9,,1190111,,0,0
2011-26,Mk10 accelero,,10A5022,,57.39,61.52
2011-26,Mk10-fast-loc,86374,08A0023,ct82-WC08A0023-11,96.3,100
2011-26,Mk10 accelero dos,,10A5002,,,
2011-27,Mk10 accelero,,11A5001,,14.05,17.59
2011-27,DDT,,10A5048,,,
2011-27,Mk10-fast-loc,86372,09A0568,ct82-WC09A0568-11,79.89,100
2011-28,Mk10 accelero,,11A5007,,,
2011-28,Mk10-fast-loc,86373,08A0021,ct82-WC08A0021-11,74.79,100
2011-28,Mk10 accelero dos,,10A5019,,55.45,74.14
2011-29,Mk10-fast-loc,78524,07A0774,ct82-WC07A0774-11,0,0
2011-29,Mk10 accelero,,11A5002,,0,0
2011-3,CTD fluo Cyclops,103726,11614,ft07-Cy23-11,,
2011-30,Mk10-fast-loc,39330,11A0801,,,
2011-30,Mk9,,990453,,,
2011-31,Mk9,,890197,,,
2011-31,Mk10-fast-loc,,11A0805,,,
2011-4,CTD fluo Cyclops,103727,11615,ft07-Cy24-11,,
2011-5,CTD fluo Cyclops,103728,11629,ft07-Cy25-11,,
2011-6,CTD fluo Cyclops,103729,11617,ft07-Cy26-11,,
2011-7,CTD fluo Cyclops,103730,11620,ft07-Cy27-11,,
2011-8,CTD fluo Cyclops,103731,11548,ft07-Cy28-11,,
2011-9,CTD fluo Cyclops,73055,11619,ft07-Cy29-11,,
2011_B21,GPS/GSM,,11 946,hg32-24-11,,
2011_B22,GPS/GSM,,11 596,hg32-07-11,,
2011_B23,GPS/GSM,,11 171,hg32-01-11,,
2011_B24,GPS/GSM,,11 979,hg32-21-11,,
2011_B25,GPS/GSM,,11 186,hg32-02-11,,
2011_B26,GPS/GSM,,11 623,hg32-06-11,,
2011_B27,GPS/GSM,,11 168,hg32-04-11,,
2011_B28,GPS/GSM,,11 997,hg32-23-11,,
2012-1,Mk10 accelero,,12A1549,,23.22,23
2012-1,Mk10-fast-loc,86373,08A0021,ct95-08A0021-12,100.92,100
2012-1,Acousonde,,626019,,,
2012-10,Argos,120661,,,,
2012-10,Mk10 accelero,,12A1642,,,
2012-10,CTD oxy,109799,12116,ft12-Ox04-12,,
2012-11,CTD oxy,109798,12119,ft12-Ox03-12,48.42,100
2012-11,Argos,120664,,,,
2012-11,Mk10 accelero,,12A1645,,23.19,47.89
2012-13,Mk10 accelero,,12A1647,,0,0
2012-13,DDT,,10A5044,,,
2012-13,CTD fluo,120672,12452,ft12-F3-12,0,
2012-14,CTD fluo,120670,12454,ft12-F1-12,93.41,100
2012-14,DDT,,10A5047,,19.2,20.56
2012-14,Mk10 accelero,,12A1648,,27.65,29.4
2012-15,DDT,,10A5046,,15.47,16.59
2012-15,Mk10 accelero,,12A1650,,22.81,24.45
2012-15,CTD fluo,120673,12451,ft12-F4-12,93.23,100
2012-16,CTD fluo,120671,12453,ft12-F2-12,89.84,100
2012-16,Mk10 accelero,,12A1651,,24.77,27.57
2012-16,DDT,,12A1707,,18.8,20.92
2012-17,CTD,120675,12552,ct95-C2-12,96.56,100
2012-17,DDT,,12A1711,,0,0
2012-17,Mk10 accelero,,12A1654,,24.49,27.26
2012-18,CTD,120674,12521,ct95-C1-12,76.54,100
2012-18,Mk10 accelero,,12A1655,,25.43,33.23
2012-18,DDT,,12A1712,,0,0
2012-19,Mk10 accelero,,12A1639,,0,0
2012-19,Argos,120663,,,,
2012-19,CTD oxy,103732,11853,ft12-Ox02-12,,
2012-2,Acousonde,,626020,,,
2012-2,Mk10 accelero,,12A1593,,20.14,20.44
2012-2,Mk10-fast-loc,86372,09A0568,ct95-09A0568-12,98.55,100
2012-20,CTD,73230,11533,ct84-533-12,,
2012-21,CTD,49778,10744,ct84-744-12,,
2012-22,CTD,72997,11254,ct84-254-12,,
2012-23,CTD fluo,73080,11550,ft11-Cy30b-12,,
2012-24,CTD fluo,49771,11404,ft11-Cy07b-12,,
2012-25,CTD fluo,103729,11617,ft11-Cy26b-12,,
2012-26,CTD fluo,103731,11548,ft11-Cy28b-12,,
2012-3,Mk10 accelero,,12A1594,,25.87,46.33
2012-3,Acousonde,,626021,,,
2012-3,Mk10-fast-loc,78525,10A0712,ct95-10A0712-12,55.85,100
2012-4,Mk10 accelero,,12A1601,,22.61,19.57
2012-4,Acousonde,,626022,,,
2012-4,Mk10-fast-loc,109807,12A1576,ct95-12A1576-12,115.53,100
2012-5,Acousonde,,626038,,,
2012-5,Mk10 accelero,,12A1652,,,
2012-5,Mk9,,390929,,,
2012-5,Mk10-fast-loc,120668,12A1638,ct95-12A1638-12,,
2012-6,Mk10-fast-loc,120669,12A1644,ct95-12A1614-12,113.56,100
2012-6,Mk9,,390768,,21.77,19.17
2012-6,Mk10 accelero,,12A1607,,22.34,19.67
2012-6,Acousonde,,626039,,,
2012-7,Mk9 2 lambda,,490158,,,
2012-7,Acousonde,,626041,,,
2012-7,Mk10-fast-loc,120667,12A1621,ct95-12A1621-12,,
2012-7,Mk10 accelero,,12A1653,,,
2012-8,Mk10-fast-loc,109808,12A1618,ct95-12A1618-12,112.24,100
2012-8,Mk10 accelero,,12A1620,,,
2012-8,Mk9,,1190112,,,
2012-8,Acousonde,,626040,,,
2012-9,Mk10-fast-loc,86374,08A0023,ct95-08A0023-12,82.64,100
2012-9,Mk10 accelero,,12A1579,,21.6,26.14
2012-9,Mk9,,897327,,0,0
2012-9,DDT,,12A1710,,35.87,43.4
2013-1,Mk9,,990454,,75.05,100
2013-1,Mk10-fast-loc,109807,12A1576,,75.05,100
2013-1,Mk10 accelero,,12A1650,,25.74,34.29
2013-1,Acousonde,,A031,,,
2013-10,DDT,,12A1712,,51.61,64.47
2013-10,Mk10 accelero,,12A1655,,29.25,36.54
2013-10,CTD,120675,12552,ft14-C2-13,80.06,100
2013-11,Mk10 accelero,,12A1601,,26.72,36.62
2013-11,DDT,,12A1710,,62,84.97
2013-11,CTD fluo,120673,12451,ft14-F4-13,73.97,100
2013-12,DDT,,12A2019,,26.93,27.3
2013-12,CTD fluo,120671,12453,ft14-F2-13,98.61,100
2013-12,Mk10 accelero,,12A1549,,23.34,23.67
2013-13,CTD fluo,120670,12454,ft14-F1-13,89.74,100
2013-13,Mk10 accelero,,12A1645,,23.57,26.27
2013-14,Mk10 accelero,,12A1594,,,
2013-14,SPOT,120661,12S0452,,,
2013-14,DDT,,13A0167,,,
2013-14,Mk9,,990455,,,
2013-15,DDT,,13A0168,,,
2013-15,SPOT,120662,12S0453,,,
2013-15,Mk10 accelero,,12A1654,,,
2013-16,Mk10 accelero,,12A1579,,23.29,25.05
2013-16,Mk9,,990453,,92.96,100
2013-16,DDT,,13A0169,,17.59,18.92
2013-16,SPOT,120663,12S0454,,92.96,100
2013-17,SPLASH,133416,13A0390,,,
2013-17,SPOT,120664,12S0455,,66.37,100
2013-18,Mk10 accelero,,12A1607,,24.61,37.08
2013-18,SPOT,120660,12S0450,,63.31,100
2013-19,CTD,122355,12553,ct96-01-13,,
2013-2,Mk10 accelero,,12A1593,,24.92,31.29
2013-2,Mk9,,890330,,79.65,100
2013-2,Mk10-fast-loc,78525,10A0712,,79.65,100
2013-2,Acousonde,,A032,,,
2013-20,CTD,122356,12554,ct96-02-13,,
2013-20,Mk9,,1190112,,,
2013-21,CTD,122357,12555,ct96-03-13,,
2013-22,CTD,122358,12556,ct96-04-13,,
2013-23,CTD,122359,12557,ct96-05-13,,
2013-24,CTD,122360,12561,ct96-06-13,,
2013-25,CTD,122361,12562,ct96-07-13,,
2013-26,CTD,122362,12563,ct96-08-13,,
2013-27,CTD,122363,12564,ct96-09-13,,
2013-28,CTD,122364,12565,ct96-10-13,,
2013-29,CTD,122365,12566,ct96-11-13,,
2013-3,Mk10-fast-loc,109808,12A1618,,81.12,100
2013-3,Mk9,,990452,,81.12,100
2013-3,Acousonde,,A033,,,
2013-3,Mk10 accelero,,12A1651,,23.47,28.93
2013-30,CTD,122366,12619,ct96-12-13,,
2013-31,CTD,122367,12621,ct96-13-13,,
2013-32,CTD,122368,12620,ct96-14-13,,
2013-33,CTD,122369,12567,ct96-15-13,,
2013-34,CTD,122370,12569,ct96-16-13,,
2013-35,CTD,122371,12641,ct96-17-13,,
2013-36,CTD,122372,12623,ct96-18-13,,
2013-36,Mk9,,390903,,,
2013-37,CTD,122373,12631,ct96-19-13,,
2013-38,CTD,122374,12603,ct96-20-13,,
2013-39,CTD,122375,12632,ct96-21-13,,
2013-4,Acousonde,,A034,,,
2013-4,Mk10-fast-loc,86372,09A0568,,64.97,100
2013-4,Mk10 accelero,,13A0183,,18.24,28.08
2013-4,Mk9,,390930,,23.3,35.86
2013-40,CTD,122376,12630,ct96-22-13,,
2013-41,Mk9,,390768,,,
2013-41,CTD,122377,12622,ct96-23-13,,
2013-42,CTD,122378,12661,ct96-24-13,,
2013-43,CTD,122379,12665,ct96-25-13,,
2013-44,CTD,122380,12664,ct96-26-13,,
2013-45,CTD,122381,12662,ct96-27-13,,
2013-46,CTD,122382,12663,ct96-28-13,,
2013-47,CTD,122383,12617,ct96-29-13,,
2013-48,CTD,122384,12625,ct96-30-13,,
2013-49,CTD,120677,12686,ct97-Ph02-13,,
2013-49,DDT,,12A5047,,,
2013-49,Mk10 accelero,,12A1735,,,
2013-5,Mk10 accelero,,13A0180,,17.11,25.78
2013-5,Acousonde,,A035,,,
2013-5,Mk10-fast-loc,120669,12A1644,,66.37,100
2013-5,Mk9,,990448,,,
2013-50,SPOT,120665,12S0456,,,
2013-50,DSA,133417,13A0391,,,
2013-51,DSA,133418,13A0535,,,
2013-51,SPOT,120657,12S0447,,,
2013-52,DSA,133419,13A0536,,,
2013-52,SPOT,120666,12S0457,,,
2013-53,DSA,133420,13A0537,,,
2013-53,SPOT,120659,12S0449,,,
2013-6,Mk10-fast-loc,86374,08A0023,,72.32,100
2013-6,Mk10 accelero,,13A0179,,16.46,22.76
2013-6,Mk9,,990457,,72.32,100
2013-6,Acousonde,,A036,,,
2013-7,Mk10 accelero,,12A1648,,26.42,41.85
2013-7,Acousonde,,A037,,,
2013-7,Mk10-fast-loc,86373,08A0021,,63.14,100
2013-7,Mk9,,1290218,,63.14,100
2013-8,Mk10 accelero,,12A1739,,0,0
2013-8,CTD,120674,12521,ft14-C1-13,,
2013-8,DDT,,12A1707,,0,0
2014-1,CTD,122385,12688,ct98-31-13,,
2014-10,CTD,122395,12568,ct98-41-13,,
2014-11,CTD,122396,12638,ct98-42-13,,
2014-12,CTD,122397,12693,ct98-43-13,,
2014-13,CTD,122399,12560,ct98-45-13,,
2014-14,CTD,122400,12694,ct98-46-13,,
2014-15,CTD,122401,12696,ct98-47-13,,
2014-16,CTD,122402,12697,ct98-48-13,,
2014-17,CTD,122403,12698,ct98-49-13,,
2014-18,CTD,122404,12689,ct98-50-13,,
2014-19,CTD,133012,12935,ct105-12-13,,
2014-2,CTD,122386,12700,ct98-32-13,,
2014-20,CTD fluo,133015,12930,ct105-15f-13,,
2014-21,CTD fluo,133014,12931,ct105-14f-13,,
2014-22,DDT,,12A1712,,,
2014-22,Mk10-fast-loc-accelero,140079,14A0208,,,
2014-23,Mk10-fast-loc-accelero,140080,14A0209,,,
2014-23,DDT,,10A5047,,,
2014-24,DDT,,12A1709,,,
2014-24,SPOT,120660,12S0450,,,
2014-24,CTD,140092,13035,ct112-035-14,,
2014-25,Mk9,,390768,,,
2014-25,Mk10 accelero,,14A0517,,,
2014-25,Acousonde,,A031,,,
2014-25,Mk10-fast-loc,78525,10A0712,,,
2014-26,Mk9,,390903,,,
2014-26,Mk10 accelero,,14A0518,,,
2014-26,Acousonde,,A032,,,
2014-26,Mk10-fast-loc,86372,09A0568,,,
2014-27,Mk10 accelero,,14A0519,,,
2014-27,Acousonde,,A033,,,
2014-27,Mk10-fast-loc,86374,08A0023,,,
2014-27,Mk9,,990448,,,
2014-28,CTD,140095,13049,ct112-049-14,,
2014-28,Mk10-fast-loc,109807,12A1576,,,
2014-28,Mk10 accelero,,14A0521,,,
2014-29,Mk10-fast-loc,109808,12A1618,,,
2014-29,Mk10 accelero,,14A0520,,,
2014-29,CTD,140094,13048,ct112-048-14,,
2014-3,CTD,122387,12699,ct98-33-13,,
2014-30,Mk9,,1190112,,,
2014-30,Acousonde,,A034,,,
2014-30,Mk10-fast-loc,120669,12A1644,,,
2014-31,CTD fluo,120673,12451,ft18-F4-12,,
2014-31,Mk10 accelero,,14A0524,,,
2014-32,CTD,140096,13050,ct112-050-14,,
2014-32,Mk10 accelero,,14A0523,,,
2014-32,SPOT,140041,12S0103,,,
2014-33,Mk10 accelero,,14A0522,,,
2014-33,CTD,140090,13033,ct112-033-14,,
2014-33,SPOT,140040,12S0102,,,
2014-34,Mk10 accelero,,14A0525,,,
2014-34,CTD fluo,120671,12453,ft18-F2-12,,
2014-35,CTD,140091,13034,ct112-034-14,,
2014-35,DDT,,12A2019,,,
2014-35,SPOT,120664,,,,
2014-36,CTD,140093,13047,ct112-047-14,,
2014-36,SPOT,140039,,,,
2014-36,DDT,,13A0354,,,
2014-37,CTD,140097,13051,ct112-051-14,,
2014-37,SPOT,120663,,,,
2014-37,DDT,,13A0355,,,
2014-38,DSA,140059,14A0171,,,
2014-38,SPOT,140042,14S0104,,,
2014-39,DSA,140060,14A0172,,,
2014-39,SPOT,140043,,,,
2014-4,CTD,122388,12695,ct98-34-13,,
2014-40,DSA,140061,14A0173,,,
2014-40,SPOT,140044,,,,
2014-41,SPOT,140045,14S0112,,,
2014-41,DSA,140062,14A0175,,,
2014-42,SPOT,140046,,,,
2014-42,DSA,140063,14A0176,,,
2014-43,DSA,140064,14A0177,,,
2014-43,SPOT,140047,,,,
2014-44,SPOT,140048,,,,
2014-44,DSA,140065,14A0178,,,
2014-45,SPOT,143560,,,,
2014-45,DSA,140066,14A0097,,,
2014-46,DSA,140067,14A0180,,,
2014-46,SPOT,140049,,,,
2014-47,SPOT,140050,14S0124,,,
2014-47,DSA,140068,14A0183,,,
2014-48,SPOT,140051,,,,
2014-48,DSA,140069,14A0184,,,
2014-49,SPOT,140052,,,,
2014-49,DSA,140070,14A0186,,,
2014-5,CTD,122389,12690,ct98-35-13,,
2014-50,SPOT,140053,,,,
2014-50,DSA,140071,14A0187,,,
2014-51,DSA,140072,14A0188,,,
2014-51,SPOT,140054,,,,
2014-52,SPOT,140057,,,,
2014-52,DSA,140073,14A0189,,,
2014-53,SPOT,140055,,,,
2014-53,DSA,140074,14A0190,,,
2014-54,SPOT,140056,,,,
2014-54,DSA,140075,14A0191,,,
2014-55,DSA,140076,14A0200,,,
2014-55,SPOT,140058,,,,
2014-56,SPOT,143558,,,,
2014-56,DSA,140077,14A0201,,,
2014-57,DSA,140078,14A0202,,,
2014-57,SPOT,143559,,,,
2014-6,CTD,122390,12691,ct98-36-13,,
2014-7,CTD,122392,12634,ct98-38-13,,
2014-8,CTD,122393,12635,ct98-39-13,,
2014-9,CTD,122394,12637,ct98-40-13,,
2015-1,CTD,136220,13031,ct109-031-14,,
2015-10,CTD,136226,13191,ct109-191-14,,
2015-11,CTD,136203,12937,ct109-937-14,,
2015-12,CTD,136204,12939,ct109-939-14,,
2015-13,CTD,136205,12942,ct109-942-14,,
2015-14,CTD,136206,12944,ct109-944-14,,
2015-15,CTD,136207,12949,ct109-949-14,,
2015-16,CTD,136210,12956,ct109-956-14,,
2015-17,CTD,136209,12958,ct109-958-14,,
2015-18,CTD,136202,12964,ct109-964-14,,
2015-19,CTD,136212,12965,ct109-965-14,,
2015-2,CTD,136219,13032,ct109-032-14,,
2015-20,CTD,136213,12966,ct109-966-14,,
2015-21,CTD,136214,12967,ct109-967-14,,
2015-22,CTD,136215,12968,ct109-968-14,,
2015-23,CTD,136216,12969,ct109-969-14,,
2015-24,CTD,136208,12973,ct109-973-14,,
2015-25,CTD,120675,12552,ft18-C2-13,,
2015-26,CTD-X,144392,13265,ct120-265BAT-15,,
2015-26,SPOT,151620,14S0103,,,
2015-27,Mk10-fast-loc,151615,14A0208,,,
2015-28,Mk10 accelero,,15A0445,,,
2015-28,SPOT,151618,12S0455,,,
2015-28,CTD-HR,140092,13035,ct120-035BAT-15,,
2015-29,CTD-HR,152942,14079,ct120-079-15,,
2015-29,Mk10 accelero,,14A0353,,,
2015-3,CTD,136217,13084,ct109-084-14,,
2015-30,Mk10 accelero,,14A0529,,,
2015-30,CTD-HR,152946,14075,ct120-075-15,,
2015-31,CTD fluo,120673,12451,ct120-F4-15,,
2015-31,Mk10 accelero,,15A0430,,,
2015-32,CTD-X,144393,13266,ct120-266BAT-15,,
2015-32,SPOT,151617,12S0448,,,
2015-33,CTD fluo,133015,12930,ct120-15fBAT-15,,
2015-33,Mk10 accelero,,14A0527,,,
2015-34,CTD-HR,140096,13050,ct120-050BAT-15,,
2015-34,Mk10 accelero,,15A0447,,,
2015-35,Mk10 accelero,,14A0528,,,
2015-35,CTD,136211,13262,ct120-262-15,,
2015-36,CTD-HR,140095,13049,ct120-049BAT-15,,
2015-36,Mk10 accelero,,15A0446,,,
2015-37,CTD-HR,140091,13034,ct120-034BAT-15,,
2015-37,Mk10 accelero,,14A0530,,,
2015-38,Mk10 accelero,,14A0526,,,
2015-38,CTD-HR,140094,13048,ct120-048BAT-15,,
2015-39,Mk10-fast-loc,151616,14A0209,,,
2015-4,CTD,136218,13085,ct109-085-14,,
2015-5,CTD,136223,13184,ct109-184-14,,
2015-6,CTD,136222,13186,ct109-186-14,,
2015-7,CTD,136221,13187,ct109-187-14,,
2015-8,CTD,136224,13188,ct109-188-14,,
2015-9,CTD,136225,13190,ct109-190-14,,
2016-1,CTD,153776,14153,ct122-153-15,,
2016-10,CTD,122389,12690,ct122-35BAT-15,,
2016-11,CTD,122393,12635,ct122-39BAT-13,,
2016-12,CTD,122396,12638,ct122-42BAT-15,,
2016-13,CTD,122397,12693,ct122-43BAT-15,,
2016-14,CTD,122403,12698,ct122-49BAT-15,,
2016-15,Acousonde,,A035,,,
2016-15,SPOT,164242,16U0682,,,
2016-15,CTD-HR,140094,13048,ct131-048BAT2-15,,
2016-16,CTD-HR,140095,13049,ct131-049BAT2-16,,
2016-16,Acousonde,,A034,,,
2016-16,SPOT,164241,16U0678,,,
2016-17,SPOT,120660,,,,
2016-17,CTD-Fluo-HR,48934,14331,ct132-331-16,,
2016-18,CTD-Fluo-HR,48931,14330,ct132-330F-16,,
2016-18,SPOT,140040,,,,
2016-19,SPOT,164240,16U0675,,,
2016-19,CTD-HR,140096,13050,ct131-050BAT2-16,,
2016-19,Acousonde,,A036,,,
2016-2,CTD,153775,14154,ct122-154-15,,
2016-20,Acousonde,,A037,,,
2016-20,SPOT,164243,16U0684,,,
2016-20,CTD-HR,140092,13035,ct131-035BAT2-15,,
2016-21,SPOT,151621,15U0247,,,
2016-21,Acousonde,,A032,,,
2016-21,CTD-HR,152946,14075,ct131-075BAT-16,,
2016-22,SPOT,151620,14S0103,,,
2016-22,CTD-Fluo-HR,48932,14080,ct132-080F-16,,
2016-23,SPOT,151669,15U0320,,,
2016-23,CTD-HR-X,144392,13265,ct131-265BAT2-16,,
2016-24,SPOT,151624,15U0259,,,
2016-24,CTD-Light-HR,48933,14329,ct132-329-16,,
2016-25,SPOT,151625,15U0300,,,
2016-25,CTD-Light-HR,48930,14328,ct132-328F-16,,
2016-26,SPOT,151670,15U0441,,,
2016-26,CTD,120675,12552,ct131-C2BAT3-12,,
2016-27,SPOT,151622,15U0250,,,
2016-27,CTD fluo,133013,12932,ft18-13f-13,,
2016-28,CTD-HR-X,152945,14076,ct132-PCA76-16,,
2016-28,SPOT,151623,15U0251,,,
2016-29,SPOT,151668,15U0303,,,
2016-29,CTD fluo,133015,12930,ct131-15fBAT2-13,,
2016-3,CTD,153778,14157,ct122-157-15,,
2016-4,CTD,153777,14158,ct122-158-15,,
2016-5,CTD,153779,14159,ct122-159-15,,
2016-6,CTD,122385,12688,ct120-688BAT-15,,
2016-7,CTD,122388,12695,ct120-695BAT-15,,
2016-8,CTD,122386,12700,ct122-32BAT-15,,
2016-9,CTD,122387,12699,ct122-33BAT-15,,
2017-1,CTD,136218,11892,ct135-892BAT-12,,
2017-10,CTD,136213,12966,ct135-966BAT-14,,
2017-11,CTD,136217,13084,ct135-084BAT-14,,
2017-12,SPLASH,151615,14A0208,,,
2017-12,SPOT,120660,12S0450,,,
2017-12,Capteur_cardiaque,,86,,,
2017-12,DTAG,,3003,,,
2017-13,DTAG,,102D,,,
2017-13,SPOT,167606,16U1018,,,
2017-13,CTD-Light-HR,39248,14624,ct139-624-17,,
2017-13,Capteur_cardiaque,,87,,,
2017-14,Capteur_cardiaque,,83,,,
2017-14,DTAG,,8030,,,
2017-14,SPOT,167605,16U1017,,,
2017-14,CTD,140092,13035,ct139-035BAT3-15,,
2017-15,CTD,140094,13048,ct139-048BAT3-15,,
2017-15,Capteur_cardiaque,,84,,,
2017-15,DTAG,,6037,,,
2017-15,SPOT,151622,15U250,,,
2017-16,Capteur_cardiqaue,,88,,,
2017-16,SPLASH,39229,17A0548,,,
2017-16,DDT,,16A0737,,,
2017-17,CTD-HR-X,152946,14075,ct139-075BAT2-16,,
2017-18,CTD-HR-X,152944,14077,ct139-PCA077-16,,
2017-19,DDT,,16A0741,,,
2017-19,SPLASH,39242,17A0549,,,
2017-19,Capteur_cardiaque,,89,,,
2017-2,CTD,136223,13184,ct135-184BAT-14,,
2017-20,CTD fluo HR,140095,14328,ct139-F328BAT-16,,
2017-20,DDT,,16A0744,,,
2017-21,CTD-HR-X,152943,14078,ct139-PCA078-16,,
2017-22,CTD-HR-X,144392,13265,ct139-265BAT3-16,,
2017-23,DDT,,16A0743,,,
2017-23,CTD fluo HR,133013,12932,ct139-F932BAT-13,,
2017-24,U-sonar,,A037,,,
2017-24,CTD-Fluo-Light-HR,39262,14620,ct139-F620-17,,
2017-24,SPOT,164243,16U0684,,,
2017-25,CTD-Fluo-Light-HR,39264,14621,ct139-F621-17,,
2017-25,SPOT,167604,16U1016,,,
2017-25,U-sonar,,A03C,,,
2017-26,CTD-Light-HR,39251,14622,ct139-622-17,,
2017-26,SPOT,164241,16U0678,,,
2017-26,U-sonar,,1032,,,
2017-27,SPOT,164242,16U0682,,,
2017-27,CTD-Light-HR,39249,14623,ct139-623-17,,
2017-27,U-sonar,,4032,,,
2017-28,CTD-Light-HR,39253,14619,ct139-619-17,,
2017-29,CTD-Light-HR,133015,14331,ct139-331BAT-16,,
2017-3,CTD,136225,13190,ct135-190BAT-14,,
2017-4,CTD,113394,12297,ct135-297BAT-13,,
2017-5,CTD,136203,12937,ct135-937BAT-14,,
2017-6,CTD,136224,13188,ct135-188BAT-14,,
2017-7,CTD,136204,12939,ct135-939BAT-14,,
2017-8,CTD,136222,13186,ct135-186BAT-14,,
2017-9,CTD,136212,12965,ct135-965BAT-14,,
2018-1,CTD,153734,14178,ct140-178-15,,
2018-10,CTD,153742,14173,ct140-173-15,,
2018-11,CTD,122386,12700,ct140-700BAT-13,,
2018-12,CTD,122393,12635,ct140-635BAT-13,,
2018-13,CTD,122389,12690,ct140-690BAT-13,,
2018-14,CTD,153741,14161,ct140-161-15,,
2018-15,CTD,153724,14170,ct140-170-15,,
2018-16,CTD,153774,14168,ct140-168-15,,
2018-17,CTD,153729,14162,ct140-162-15,,
2018-18,CTD,153743,14179,ct140-179-15,,
2018-19,CTD,153777,14158,ct140-158BAT-15,,
2018-2,CTD,153722,14189,ct140-189-15,,
2018-20,CTD,153779,14159,ct140-159BAT-15,,
2018-21,CTD,153735,14169,ct140-169-15,,
2018-22,CTD,153720,14171,ct140-171-15,,
2018-23,CTD,153775,14154,ct140-154BAT-15,,
2018-24,CTD,122387,12699,ct140-699BAT-13,,
2018-25,CTD,136210,12956,ct140-956BAT-14,,
2018-26,CTD,153736,14163,ct140-163-15,,
2018-27,CTD,122388,12695,ct140-695BAT-13,,
2018-28,SPOT,61057,18U0284,,,
2018-28,Capteur_cardiaque,,CHL0137,,,
2018-28,CTD-Fluo-Light-HR,39248,14624,ct144-624BAT-17,,
2018-29,CTD-HR,39251,14622,ct144-622BAT-17,,
2018-29,Capteur_cardiaque,,CHL0136,,,
2018-29,SPOT,61055,18U0282,,,
2018-3,CTD,153773,14176,ct140-176-15,,
2018-30,CTD-Fluo-Light-HR,133015,14331,ct144-331BAT2-16,,
2018-30,SPOT,61051,18U0280,,,
2018-30,Capteur_cardiaque,,CHL0135,,,
2018-31,CTD-Fluo-Light-HR,39262,14620,ct144-F620BAT-17,,
2018-31,SPOT,61052,18U0281,,,
2018-31,Capteur_cardiaque,,CHL0009,,,
2018-32,SPOT,61050,18U0279,,,
2018-32,CTD-Fluo-Light-HR,57635,14875,ft22-875-18,,
2018-33,SPOT,61058,18U0286,,,
2018-33,CTD-Fluo-Light-HR,63883,14873,ft22-873-18,,
2018-34,SPOT,61056,18U0283,,,
2018-34,CTD-Fluo-Light-HR,57632,14879,ft22-879-18,,
2018-35,SPOT,164243,16U0684,,,
2018-35,CTD-Fluo-Light-HR,63888,14882,ft22-882-18,,
2018-36,CTD-Fluo-Light-HR,57624,14877,ft22-877-18,,
2018-37,CTD-HR,57625,14876,ft22-876-18,,
2018-38,CTD-Fluo-Light-HR,63880,14881,ft22-881-18,,
2018-39,CTD-Fluo-Light-HR,57626,14874,ft22-874-18,,
2018-4,CTD,153719,14172,ct140-172-15,,
2018-40,CTD-Fluo-Light-HR,63876,14878,ft22-878-18,,
2018-41,CTD-Fluo-Light-HR,63881,14686,ft22-686-18,,
2018-42,CTD-Fluo-Light-HR,133013,12932,ct144-F932BAT2-13,,
2018-43,CTD-Fluo-Light-HR,65501,14781,ft23-F781-18,,
2018-43,SPOT,65594,18U0382,,,
2018-43,U-sonar,,A037,,,
2018-44,SPOT,65593,18U0293,,,
2018-44,CTD-Fluo-Light-HR,63896,14904,ft23-F904-18,,
2018-44,U-sonar,,A03B S64,,,
2018-45,CTD-Light-HR,63893,14900,ft23-C900-18,,
2018-45,CTD Wildlife,65775,18A0039,,,
2018-46,SPOT,167606,16U1018,,,
2018-46,CTD-Light-HR,65503,14901,ft23-C901-18,,
2018-46,U-sonar,,C03C MF64s,,,
2018-47,CTD-Fluo-Light-HR,65502,14905,ft23-F905-18,,
2018-47,DTAG,,4035,,,
2018-47,SPOT,151625,15U0300,,,
2018-48,SPOT,164241,16U0678,,,
2018-48,DTAG,,9033,,,
2018-48,CTD-Fluo-Light-HR,65499,14676,ft23-F676-18,,
2018-49,HR-Light-Sensor-front,,3,,,
2018-49,CTD-Light-HR,63892,14903,ft23-C903-18,,
2018-49,HR-Light-Sensor-back,,4,,,
2018-5,CTD,153740,14177,ct140-177-15,,
2018-50,CTD-Light-HR,63895,14899,ft23-C899-18,,
2018-50,HR-Light-Sensor-front,,1,,,
2018-51,HR-Light-Sensor-front,,2,,,
2018-51,CTD-Light-HR,63889,14902,ft23-C902-18,,
2018-6,CTD,153723,14175,ct140-175-15,,
2018-7,CTD,153733,14174,ct140-174-15,,
2018-8,CTD,153737,14166,ct140-166-15,,
2018-9,CTD,153721,14188,ct140-188-15,,
2019-1,CTD-Fluo-Light-HR,65501,14781,ct152-F781-BAT-19,,
2019-10,CTD-Fluo-Light-HR,183712,15059,ct152-059-19,,
2019-10,DTAG,NULL,4035,NULL,,
2019-10,SPOT,182288,19U0010,NULL,,
2019-11,CTD-HR,57632,14879,ct152-879-BAT-19,,
2019-12,CTD-HR,183709,14943,ct152-943-19,,
2019-12,SPOT,182292,19U0014,NULL,,
2019-12,U-sonar,NULL,A037,NULL,,
2019-13,CTD-HR,183710,15050,ct152-050-19,,
2019-13,SPOT,182816,19U0020,NULL,,
2019-13,U-sonar,NULL,1032,NULL,,
2019-14,CTD-Fluo-Light-HR,63883,14873,ct152-873-BAT-19,,
2019-15,CTD-Fluo-Light-HR,57625,14876,ct152-876-BAT-19,,
2019-15,SPOT,182811,19U0015,NULL,,
2019-15,U-sonar,NULL,2041,NULL,,
2019-16,CTD-HR,57626,14874,ct154-874-BAT-19,,
2019-16,DTAG,NULL,27,NULL,,
2019-16,SPOT,182279,19U0001,NULL,,
2019-17,CTD-Fluo-Light-HR,57635,14875,ct154-875-BAT-19,,
2019-17,SPOT,182280,19U0002,NULL,,
2019-17,U-sonar,NULL,102B,NULL,,
2019-18,CTD-HR,183706,15054,ct154-054-19,,
2019-19,CTD-Fluo-Light-HR,183713,15061,ct154-061-19,,
2019-19,CTD Wildlife,196200,18A0653,NULL,,
2019-2,Capteur_cardiaque,NULL,CHL0340,NULL,,
2019-2,CTD-Light-HR,63895,14899,ct152-C899-BAT-19,,
2019-2,SPOT,61058,18U0286,NULL,,
2019-20,CTD-Fluo-Light-HR,63876,14878,ct154-878-BAT-19,,
2019-20,SPOT,182283,19U0005,NULL,,
2019-20,U-sonar,NULL,2025,NULL,,
2019-21,CTD-Fluo-Light-HR,63880,14881,ct154-881-BAT-19,,
2019-21,CTD Wildlife,196199,18A0652,NULL,,
2019-22,CTD-HR,63888,14882,ct154-882-BAT-19,,
2019-22,DTAG,NULL,25,NULL,,
2019-22,SPOT,182290,19U0012,NULL,,
2019-23,CTD-HR,65502,14905,ct154-F905-BAT-19,,
2019-23,SPOT,182291,19U0013,NULL,,
2019-23,U-sonar,NULL,8025,NULL,,
2019-24,CTD-HR,183711,15051,ct154-051-19,,
2019-24,DTAG,NULL,1024,NULL,,
2019-24,SPOT,182812,19U0016,NULL,,
2019-25,CTD-HR,183705,15053,ct154-053-19,,
2019-25,SPOT,182814,19U0018,NULL,,
2019-25,U-sonar,NULL,B022,NULL,,
2019-26,CTD,57618,14801,ct144-801-18,,
2019-27,CTD,57617,14802,ct144-802-18,,
2019-28,CTD,136212,12965,ct144-965BAT2-14,,
2019-29,CTD,67023,14932,ct148-932-18,,
2019-3,Capteur_cardiaque,NULL,CHL0329,NULL,,
2019-3,CTD-Light-HR,63889,14902,ct152-C902-BAT-19,,
2019-3,SPOT,182281,19U0003,NULL,,
2019-30,CTD,67138,14933,ct148-933-18,,
2019-31,CTD,67027,14934,ct148-934-18,,
2019-32,CTD,67029,14935,ct148-935-18,,
2019-33,CTD,67132,14936,ct148-936-18,,
2019-34,CTD,67133,14937,ct148-937-18,,
2019-35,CTD,67032,14938,ct148-938-18,,
2019-36,CTD,67033,14939,ct148-939-18,,
2019-37,CTD,67137,14945,ct148-945-18,,
2019-38,CTD,67135,14946,ct148-946-18,,
2019-39,CTD,67134,14947,ct148-947-18,,
2019-4,Capteur_cardiaque,NULL,CHL0341,NULL,,
2019-4,CTD-Light-HR,63892,14903,ct152-C903-BAT-19,,
2019-4,SPOT,61056,18U0283,NULL,,
2019-40,CTD,67130,14961,ct148-961-18,,
2019-41,CTD,67129,14962,ct148-962-18,,
2019-42,CTD,67127,14963,ct148-963-18,,
2019-43,CTD,67037,14967,ct148-967-18,,
2019-44,CTD,67038,14968,ct148-968-18,,
2019-45,CTD,67077,14969,ct148-969-18,,
2019-46,CTD,67011,14923,ct149-923-18,,
2019-47,CTD,67012,14924,ct149-924-18,,
2019-48,CTD,67022,14926,ct149-926-18,,
2019-49,CTD,67018,14927,ct149-927-18,,
2019-5,Capteur_cardiaque,NULL,CHL0342,NULL,,
2019-5,CTD-Light-HR,65503,14901,ct152-C901-BAT-19,,
2019-5,SPOT,182287,19U0009,NULL,,
2019-50,CTD,67019,14928,ct149-928-18,,
2019-51,CTD,67020,14929,ct149-929-18,,
2019-52,CTD,67021,14930,,,
,"ct149-930-18""",NULL,NULL,,,
2019-53,CTD,67014,14931,ct149-931-18,,
2019-54,CTD,66995,14917,ft24-917-18,,
2019-55,CTD,66996,14918,ft24-918-18,,
2019-56,CTD,66997,14919,ft24-919-18,,
2019-57,CTD,66998,14920,ft24-920-18,,
2019-58,CTD,66999,14921,ft24-921-18,,
2019-59,CTD,136222,13186,ct144-186BAT2-14,,
2019-6,Capteur_cardiaque,NULL,CHL0343,NULL,,
2019-6,CTD-Light-HR,63893,14900,ct152-C900-BAT-19,,
2019-6,SPOT,182286,19U0008,NULL,,
2019-60,CTD,136242,13278,ct144-278BAT-14,,
2019-61,CTD,146572,13298,ct144-298BAT-14,,
2019-62,CTD,57623,14800,ct144-800-18,,
2019-63,CTD,136204,12939,ct144-939BAT2-14,,
2019-64,CTD,67035,14940,ct148-940-18,,
2019-65,CTD,67036,14941,ct148-941-18,,
2019-66,CTD,67136,14944,ct148-944-18,,
2019-67,CTD,67131,14948,ct148-948-18,,
2019-68,CTD,67121,14964,ct148-964-18,,
2019-69,CTD,67093,14965,ct148-965-18,,
2019-7,CTD-HR,183707,15052,ct152-052-19,,
2019-7,SPOT,182284,19U0007,NULL,,
2019-70,CTD,67030,14966,ct148-966-18,,
2019-71,CTD,67024,14970,ct148-970-18,,
2019-72,CTD,67010,14922,ct149-922-18,,
2019-73,CTD,67013,14925,ct149-925-18,,
2019-74,CTD,136217,13084,ct144-084BAT2-14,,
2019-75,CTD,136225,13190,ct144-190BAT2-14,,
2019-8,CTD-HR,63881,14686,ct152-686-BAT-19,,
2019-8,SPOT,182813,19U0017,NULL,,
2019-9,CTD-Fluo-Light-HR,183714,15060,ct152-060-19,,
2019-9,DTAG,NULL,3036,NULL,,
2019-9,SPOT,182284,19U0007,NULL,,
2020-1,CTD,197008,15217,ct157-C217-20,,
2020-10,CTD,197019,15206,ct157-C206-20,,
2020-11,CTD,197014,15220,ct157-C220-20,,
2020-12,CTD,197013,15221,ct157-C221-20,,
2020-13,CTD,197005,15215,ct157-C215-20,,
2020-14,CTD,197024,15201,ct157-C201-20,,
2020-15,CTD,197000,15225,ct157-C225-20,,
2020-16,CTD Fluo,196989,15120,ct157-F120-20,,
2020-17,CTD,197021,15204,ct157-C204-20,,
2020-18,CTD,197004,15222,ct157-C222-20,,
2020-19,CTD Fluo,196986,15117,ct157-F117-20,,
2020-2,CTD,197017,15208,ct157-C208-20,,
2020-20,CTD Fluo,196988,15119,ct157-F119-20,,
2020-21,CTD,196699,15191,ct157-C191-20,,
2020-22,CTD,197001,15224,ct157-C224-20,,
2020-23,CTD,197020,15205,ct157-C205-20,,
2020-24,CTD,197011,15212,ct157-C212-20,,
2020-25,CTD,197022,15203,ct157-C203-20,,
2020-26,CTD,196990,15182,ct157-C182-20,,
2020-27,CTD Fluo,196987,15118,ct157-F118-20,,
2020-28,CTD,197009,15216,ct157-C216-20,,
2020-29,CTD Fluo,196985,15116,ct157-F116-20,,
2020-3,CTD,196998,15190,ct157-C190-20,,
2020-30,CTD,153719,14172,ct155-172BAT-15,,
2020-31,CTD,122387,14160,ct155-160BAT-15,,
2020-32,CTD,39251,14622,ct155-622-BAT2-17,,
2020-33,CTD,153779,14159,ct155-159BAT2-15,,
2020-34,CTD,153720,14171,ct155-171BAT-15,,
2020-35,CTD Fluo,63896,14904,ct152-F904-BAT-19,,
2020-36,CTD,197023,15202,ct157-C202-20,,
2020-37,CTD,153735,14169,ct155-169BAT-15,,
2020-38,CTD,153736,14163,ct155-163BAT-15,,
2020-39,CTD,153743,14179,ct155-179BAT-15,,
2020-4,CTD,183708,14942,ct158-942-19,,
2020-40,CTD,136210,12956,ct155-956BAT2-14,,
2020-41,CTD,153775,14154,ct155-154BAT2-15,,
2020-42,CTD,57624,14877,ct158-877BAT-18,,
2020-43,CTD,133015,14331,ct155-331-BAT3-16,,
2020-44,CTD,196997,15189,ct157-C189-20,,
2020-45,CTD,197012,15211,ct157-C211-20,,
2020-46,CTD,196996,15188,ct157-C188-20,,
2020-47,CTD,197007,15218,ct157-C218-20,,
2020-48,CTD,197010,15213,ct157-C213-20,,
2020-49,CTD,197002,15219,ct157-C219-20,,
2020-5,CTD,197003,15223,ct157-C223-20,,
2020-50,CTD,1970018,15207,ct157-C207-20,,
2020-51,CTD,196991,15183,ct157-C183-20,,
2020-52,CTD,196992,15184,ct157-C184-20,,
2020-53,CTD Anemometre,197978,15240,ct158-W240-20,,
2020-53,SPOT,195913,19U1027,NULL,,
2020-54,CTD Anemometre,197979,15241,ct158-W241-20,,
2020-54,SPOT,195910,18U0980,NULL,,
2020-55,CTD,196995,15187,ct157-C187-20,,
2020-55,Mini CTD,197981,15239,ct158-CT239-20,,
2020-55,SPOT,61050,18U0279,NULL,,
2020-56,CTD,197016,15209,ct157-C209-20,,
2020-56,Mini CTD,197980,15238,ct158-CT238-20,,
2020-56,SPOT,182289,19U0011,NULL,,
2020-57,CTD double batterie,183817,13309,ct158-309-BAT-15,,
2020-57,SPOT,182282,19U0004,NULL,,
2020-58,CTD double batterie,183816,13310,ct158-310-BAT-15,,
2020-58,SPOT,195911,19U1025,NULL,,
2020-59,CTD double batterie,197368,15199,ct158-199-19,,
2020-59,SPOT,182815,19U0019,NULL,,
2020-6,CTD,197015,15210,ct157-C210-20,,
2020-60,CTD double batterie,197367,15198,ct158-198-19,,
2020-60,SPOT,195912,19U1026,NULL,,
2020-61,Capteur-cardiaque,NULL,CHL0420,NULL,,
2020-61,CTD Fluo,63889,14902,ct159-C902-BAT2-19,,
2020-61,SPOT,61058,18U0286,NULL,,
2020-62,CTD Fluo,63883,14873,ct159-873-BAT2-19,,
2020-62,DTAG,NULL,9033,NULL,,
2020-62,SPOT,182814,19U0018,NULL,,
2020-63,CTD Fluo,57635,14875,ct159-875-BAT2-19,,
2020-63,DTAG,NULL,4035,NULL,,
2020-63,SPOT,182816,19U0020,NULL,,
2020-64,CTD Fluo,63888,14882,ct159-882-BAT2-19,,
2020-64,DTAG,NULL,25,NULL,,
2020-64,SPOT,182292,19U0014,NULL,,
2020-65,CTD Fluo,63880,14881,ct159-881-BAT2-19,,
2020-65,DTAG,NULL,1024,NULL,,
2020-65,SPOT,182280,19U0002,NULL,,
2020-66,CTD Fluo,63876,14878,ct159-878-BAT2-19,,
2020-66,SPOT,182811,19U0015,NULL,,
2020-66,U-sonar,NULL,1032,NULL,,
2020-67,CTD Fluo,183707,15052,ct159-052-BAT-19,,
2020-67,SPOT,61056,18U0283,NULL,,
2020-67,U-sonar,NULL,C03C,NULL,,
2020-68,CTD Fluo,183709,14943,ct159-943-BAT-19,,
2020-68,SPOT,182288,19U0010,NULL,,
2020-68,U-sonar Light,NULL,2025,NULL,,
2020-69,CTD Fluo,63892,14903,ct159-C903-BAT2-19,,
2020-69,SPOT,182281,19U0003,NULL,,
2020-69,U-sonar Light,NULL,102b,NULL,,
2020-7,CTD,197006,15214,ct157-C214-20,,
2020-70,CTD Fluo,65502,14905,ct159-F905-BAT2-19,,
2020-70,SPOT,182813,19U0017,NULL,,
2020-70,U-sonar Light,NULL,B022,NULL,,
2020-71,CTD Fluo,183711,15051,ct159-051-BAT-19,,
2020-71,SPOT,182284,19U0006,NULL,,
2020-71,U-sonar Light,NULL,8025,NULL,,
2020-72,CTD Fluo,57625,14876,ct159-876-BAT2-19,,
2020-72,SPOT,182291,19U0013,NULL,,
2020-72,U-sonar,NULL,A037,NULL,,
2020-73,Capteur-cardiaque,NULL,CHL0422,NULL,,
2020-73,CTD Fluo,63895,14899,ct159-C899-BAT2-19,,
2020-73,DTAG,NULL,27,NULL,,
2020-73,SPOT,182287,19U0009,NULL,,
2020-74,CTD Fluo,183705,15053,ct159-053-BAT-19,,
2020-74,SPOT,182812,19U0016,NULL,,
2020-74,U-sonar Light,NULL,A041,NULL,,
2020-75,CTD Fluo,65503,14901,ct159-C901-BAT2-19,,
2020-75,DTAG,NULL,102d,NULL,,
2020-75,SPOT,182279,19U0001,NULL,,
2020-8,CTD,196994,15186,ct157-C186-20,,
2020-9,CTD,196993,15185,ct157-C185-20,,
